Culture,Taxa,Shelf,Treatment,rep,File,DATE,TIME,PAR,Fo(or_F),Fm,FmDec,Fv,FvDEC,Fv/Fm,FvD/FmD,Sigma,p,Alp1,Tau1,Alp2,Tau2,Alp3,Tau3,Alp4,Tau4,TauAv1,TauAv2,TauAv3,Fm(PAM),Fv/Fm(PAM),GAIN,MTF:Alp1,Tau1,Alp2,Tau2,Alp3,Tau3,Alp4,Tau4,TauAv1,TauAv2,TauAv3,Fo-prime,qp-coeff,PAR,ETR,1/Tau,NPQ
C. closterium UGA4,Diatom,Outer Shelf,Low Fe,a,04pFe21.9A.000,10/7/22,45231,0,11241,17165,17481,5924,6239,0.345,0.357,292.2,0.07,0.62,602,0.3,4434,0.09,295150,--------,-------,1850,27075,0,12234,0.08,1200,--------,-------,--------,-------,--------,-------,--------,-------,--------,--------,--------,11963.6,1,0,0,540.4,0
C. closterium UGA4,Diatom,Outer Shelf,Low Fe,a,04pFe21.9A.001,10/7/22,45271,250,10651,11206,11238,555,587,0.05,0.052,187.7,0.03,0.17,615,0.75,9274,0.08,340098,--------,-------,7716,34435,0,10723,0.01,1200,--------,-------,--------,-------,--------,-------,--------,-------,--------,--------,--------,8276.7,0.19,250,138.8,129.6,0.53
C. closterium UGA4,Diatom,Outer Shelf,Low Fe,a,04pFe21.9A.002,10/7/22,45310,500,7490,7853,7841,363,351,0.046,0.045,180.9,0.13,0.21,767,0.71,6089,0.08,450410,--------,-------,4869,42497,0,7531,0.01,1200,--------,-------,--------,-------,--------,-------,--------,-------,--------,--------,--------,6107.1,0.21,500,259.3,205.4,1.19
C. closterium UGA4,Diatom,Outer Shelf,Low Fe,a,04pFe21.9A.003,10/7/22,45350,1000,6738,6975,6980,237,242,0.034,0.035,183.7,0.03,0.24,755,0.7,4864,0.06,308840,--------,-------,3825,23134,0,6762,0,1200,--------,-------,--------,-------,--------,-------,--------,-------,--------,--------,--------,5497.4,0.16,1000,380.4,261.4,1.46
C. closterium UGA4,Diatom,Outer Shelf,Low Fe,a,04pFe21.9A.004,10/7/22,45389,1500,6141,6276,6268,135,127,0.021,0.02,209.6,0.45,0.18,993,0.62,5841,0.2,266940,--------,-------,4759,56157,0,6161,0,1200,--------,-------,--------,-------,--------,-------,--------,-------,--------,--------,--------,5025.5,0.11,1500,361.2,210.1,1.74
C. closterium UGA4,Diatom,Outer Shelf,Low Fe,a,04pFe21.9A.005,10/7/22,45429,2000,5702,5785,5793,83,91,0.014,0.016,171.8,0.23,0.23,1290,0.66,5912,0.11,126070,--------,-------,4724,17954,0,5710,0,1200,--------,-------,--------,-------,--------,-------,--------,-------,--------,--------,--------,4732.4,0.08,2000,322.4,211.7,1.97
C. closterium UGA4,Diatom,Outer Shelf,Low Fe,b,04pFe21.9B.000,10/7/22,45666,0,7079,11239,11430,4160,4352,0.37,0.381,299.5,0.1,0.58,531,0.33,3682,0.09,232702,--------,-------,1678,23431,0,7772,0.09,1400,--------,-------,--------,-------,--------,-------,--------,-------,--------,--------,--------,7527.5,1,0,0,596.1,0
C. closterium UGA4,Diatom,Outer Shelf,Low Fe,b,04pFe21.9B.001,10/7/22,45705,250,6966,7432,7448,466,482,0.063,0.065,191,0.07,0.18,669,0.75,8290,0.07,354419,--------,-------,6802,30122,0,7021,0.01,1400,--------,-------,--------,-------,--------,-------,--------,-------,--------,--------,--------,5523.1,0.24,250,168,147,0.51
C. closterium UGA4,Diatom,Outer Shelf,Low Fe,b,04pFe21.9B.002,10/7/22,45745,500,4987,5329,5323,342,336,0.064,0.063,191.3,0.03,0.3,766,0.65,5273,0.05,595634,--------,-------,3862,32699,0,5020,0.01,1400,--------,-------,--------,-------,--------,-------,--------,-------,--------,--------,--------,4121.8,0.28,500,343.6,259,1.11
C. closterium UGA4,Diatom,Outer Shelf,Low Fe,b,04pFe21.9B.003,10/7/22,45785,1000,4598,4803,4802,206,204,0.043,0.043,190,0.12,0.3,870,0.63,4889,0.07,354526,--------,-------,3602,27079,0,4618,0,1400,--------,-------,--------,-------,--------,-------,--------,-------,--------,--------,--------,3752.1,0.2,1000,458.7,277.6,1.34
C. closterium UGA4,Diatom,Outer Shelf,Low Fe,b,04pFe21.9B.004,10/7/22,45824,1500,4246,4380,4382,134,137,0.031,0.031,179.6,0.12,0.31,1046,0.56,5096,0.13,257712,--------,-------,3654,36569,0,4266,0,1400,--------,-------,--------,-------,--------,-------,--------,-------,--------,--------,--------,3472.6,0.15,1500,492,273.7,1.57
C. closterium UGA4,Diatom,Outer Shelf,Low Fe,b,04pFe21.9B.005,10/7/22,45864,2000,3982,4067,4059,85,78,0.021,0.019,167.2,0.11,0.25,927,0.64,5416,0.11,234505,--------,-------,4167,30491,0,3991,0,1400,--------,-------,--------,-------,--------,-------,--------,-------,--------,--------,--------,3290.5,0.11,2000,448.5,240,1.76
C. closterium UGA4,Diatom,Outer Shelf,Low Fe,c,04pFe21.9C.000,10/9/22,68573,0,6526,10203,10283,3678,3757,0.36,0.365,304.4,0.05,0.69,785,0.2,7919,0.1,198937,--------,-------,2404,22303,0,7147,0.09,1400,--------,-------,--------,-------,--------,-------,--------,-------,--------,--------,--------,7030.2,1,0,0,416,0
C. closterium UGA4,Diatom,Outer Shelf,Low Fe,c,04pFe21.9C.001,10/9/22,68613,250,10679,10880,10901,201,222,0.018,0.02,197.8,0.55,0.04,496,0.67,18606,0.29,363342,--------,-------,17652,118001,0,10725,0,1400,--------,-------,--------,-------,--------,-------,--------,-------,--------,--------,--------,7592.7,0.06,250,51.5,56.7,-0.06
C. closterium UGA4,Diatom,Outer Shelf,Low Fe,c,04pFe21.9C.002,10/9/22,68653,500,8811,8925,8942,114,131,0.013,0.015,205,0.7,0.05,450,0.61,17552,0.34,537099,--------,-------,16290,191813,0,8837,0,1400,--------,-------,--------,-------,--------,-------,--------,-------,--------,--------,--------,6428.9,0.05,500,71.3,61.4,0.14
C. closterium UGA4,Diatom,Outer Shelf,Low Fe,c,04pFe21.9C.003,10/9/22,68692,1000,7352,7417,7430,65,77,0.009,0.01,198.8,0.7,0.06,631,0.48,15427,0.47,447751,--------,-------,13876,217017,0,7374,0,1400,--------,-------,--------,-------,--------,-------,--------,-------,--------,--------,--------,5548.9,0.03,1000,97.7,72.1,0.38
C. closterium UGA4,Diatom,Outer Shelf,Low Fe,c,04pFe21.9C.004,10/9/22,68732,1500,6332,6364,6373,32,41,0.005,0.006,230.5,0.7,0.07,655,0.41,19181,0.52,424014,--------,-------,16425,227832,0,6351,0,1400,--------,-------,--------,-------,--------,-------,--------,-------,--------,--------,--------,4944.8,0.02,1500,85.3,60.9,0.6
C. closterium UGA4,Diatom,Outer Shelf,Low Fe,c,04pFe21.9C.005,10/9/22,68772,2000,5635,5565,5566,-70,-70,-0.013,-0.013,46.8,0.12,0.99,10,0,1206,0,60000,--------,-------,15,115,0,5636,0,1400,--------,-------,--------,-------,--------,-------,--------,-------,--------,--------,--------,4528.3,-0.07,2000,-282.7,68656.6,0.83
C. closterium UGA4,Diatom,Outer Shelf,Iron Add-Back,a,04add_back.A.000,10/8/22,63079,0,46663,64554,65666,17891,19003,0.277,0.289,260.1,0.26,0.74,510,0.19,6636,0.08,330315,--------,-------,1741,26432,0,48943,0.05,600,--------,-------,--------,-------,--------,-------,--------,-------,--------,--------,--------,49085.9,1,0,0,574.5,0
C. closterium UGA4,Diatom,Outer Shelf,Iron Add-Back,a,04add_back.A.001,10/8/22,63118,250,75357,78688,79037,3330,3679,0.042,0.047,187.3,0.21,0.08,459,0.7,15123,0.22,60000,--------,-------,13651,23723,0,75746,0.01,400,--------,-------,--------,-------,--------,-------,--------,-------,--------,--------,--------,44547.9,0.1,250,131.5,73.3,0.98
C. closterium UGA4,Diatom,Outer Shelf,Iron Add-Back,a,04add_back.A.002,10/8/22,63158,500,66428,69486,69720,3057,3291,0.044,0.047,190.5,0.15,0.1,527,0.7,8519,0.2,60000,--------,-------,7551,17964,0,66737,0,400,--------,-------,--------,-------,--------,-------,--------,-------,--------,--------,--------,40220.7,0.1,500,273.5,132.4,1.24
C. closterium UGA4,Diatom,Outer Shelf,Iron Add-Back,a,04add_back.A.003,10/8/22,63198,1000,60361,62244,62378,1883,2017,0.03,0.032,196.5,0.21,0.1,791,0.76,8525,0.14,212817,--------,-------,7639,36689,0,60636,0,400,--------,-------,--------,-------,--------,-------,--------,-------,--------,--------,--------,37581.8,0.08,1000,376,130.9,1.5
C. closterium UGA4,Diatom,Outer Shelf,Iron Add-Back,a,04add_back.A.004,10/8/22,63237,1500,54527,55542,55672,1015,1144,0.018,0.021,191.6,0.25,0.09,933,0.73,9066,0.17,188669,--------,-------,8156,39520,0,54694,0,400,--------,-------,--------,-------,--------,-------,--------,-------,--------,--------,--------,35485.1,0.05,1500,340.7,122.6,1.8
C. closterium UGA4,Diatom,Outer Shelf,Iron Add-Back,a,04add_back.A.005,10/8/22,63277,2000,49478,49752,49839,274,361,0.006,0.007,194.8,0.64,0.06,913,0.57,15218,0.37,402062,--------,-------,13930,159468,0,49560,0,400,--------,-------,--------,-------,--------,-------,--------,-------,--------,--------,--------,34265.7,0.02,2000,137.1,71.8,2.13
C. closterium UGA4,Diatom,Outer Shelf,Iron Add-Back,b,04add_back.B.000,10/8/22,63484,0,31703,45138,46019,13435,14316,0.298,0.311,268.8,0.26,0.75,552,0.18,7481,0.08,331880,--------,-------,1883,27394,0,33499,0.05,800,--------,-------,--------,-------,--------,-------,--------,-------,--------,--------,--------,33363.3,1,0,0,531.2,0
C. closterium UGA4,Diatom,Outer Shelf,Iron Add-Back,b,04add_back.B.001,10/8/22,63524,250,57928,60275,60574,2347,2646,0.039,0.044,190.4,0.19,0.07,411,0.82,18026,0.11,223746,--------,-------,16587,38727,0,58276,0.01,600,--------,-------,--------,-------,--------,-------,--------,-------,--------,--------,--------,34720.9,0.09,250,116.4,60.3,0.81
C. closterium UGA4,Diatom,Outer Shelf,Iron Add-Back,b,04add_back.B.002,10/8/22,63564,500,51754,54028,54229,2274,2476,0.042,0.046,193,0.19,0.09,467,0.71,8969,0.2,60000,--------,-------,8002,18617,0,51984,0,600,--------,-------,--------,-------,--------,-------,--------,-------,--------,--------,--------,31450.6,0.1,500,251.8,125,1.01
C. closterium UGA4,Diatom,Outer Shelf,Iron Add-Back,b,04add_back.B.003,10/8/22,63603,1000,47301,48859,49002,1558,1702,0.032,0.035,198.6,0.08,0.12,796,0.76,8322,0.12,227965,--------,-------,7293,34162,0,47538,0,600,--------,-------,--------,-------,--------,-------,--------,-------,--------,--------,--------,29466.7,0.08,1000,381.4,137.1,1.23
C. closterium UGA4,Diatom,Outer Shelf,Iron Add-Back,b,04add_back.B.004,10/8/22,63643,1500,43215,44014,44082,800,867,0.018,0.02,189.1,0.28,0.08,912,0.74,9331,0.17,179179,--------,-------,8504,38285,0,43334,0,600,--------,-------,--------,-------,--------,-------,--------,-------,--------,--------,--------,27977.5,0.05,1500,326,117.6,1.47
C. closterium UGA4,Diatom,Outer Shelf,Iron Add-Back,b,04add_back.B.005,10/8/22,63683,2000,39592,39863,39941,271,349,0.007,0.009,192.5,0.7,0.06,723,0.43,15750,0.51,544673,--------,-------,13995,286471,0,39705,0,600,--------,-------,--------,-------,--------,-------,--------,-------,--------,--------,--------,27121.3,0.02,2000,162.5,71.5,1.73
Gephyrocapsa oceanica,Coccolithophore,Inner shelf,High Fe,a,06exp19a.000,11/10/22,62793,0,3136,5822,5980,2686,2845,0.461,0.476,216.2,0.03,0.64,631,0.29,3816,0.07,227740,--------,-------,1629,17086,0,3449,0.09,1600,--------,-------,--------,-------,--------,-------,--------,-------,--------,--------,--------,3317.7,1,0,0,613.8,0
Gephyrocapsa oceanica,Coccolithophore,Inner shelf,High Fe,a,06exp19a.001,11/10/22,62833,250,6502,6742,6777,239,274,0.035,0.04,134.3,0.16,0.1,1361,0.75,8669,0.15,60000,--------,-------,7844,15847,0,6522,0,1600,--------,-------,--------,-------,--------,-------,--------,-------,--------,--------,--------,4723.7,0.12,250,55.1,127.5,-0.14
Gephyrocapsa oceanica,Coccolithophore,Inner shelf,High Fe,a,06exp19a.002,11/10/22,62872,500,5742,6008,6034,266,292,0.044,0.048,146.3,0.04,0.2,1499,0.72,4826,0.08,465257,--------,-------,4090,39400,0,5775,0.01,1600,--------,-------,--------,-------,--------,-------,--------,-------,--------,--------,--------,4124.9,0.14,500,137.1,244.5,-0.03
Gephyrocapsa oceanica,Coccolithophore,Inner shelf,High Fe,a,06exp19a.003,11/10/22,62912,1000,4909,5049,5060,140,150,0.028,0.03,143.7,0.28,0.15,1691,0.73,4983,0.12,205701,--------,-------,4433,29205,0,4925,0,1600,--------,-------,--------,-------,--------,-------,--------,-------,--------,--------,--------,3553.9,0.09,1000,171.8,225.6,0.15
Gephyrocapsa oceanica,Coccolithophore,Inner shelf,High Fe,a,06exp19a.004,11/10/22,62952,1500,4170,4245,4256,76,87,0.018,0.02,97.1,0.31,0.28,1837,0.55,5927,0.17,176868,--------,-------,4544,33470,0,4178,0,1600,--------,-------,--------,-------,--------,-------,--------,-------,--------,--------,--------,3245.1,0.08,1500,166.2,220,0.37
Gephyrocapsa oceanica,Coccolithophore,Inner shelf,High Fe,a,06exp19a.005,11/10/22,62992,2000,3636,3688,3693,52,57,0.014,0.015,55.6,0.51,0.17,1317,0.42,6416,0.41,494427,--------,-------,4928,206831,0,3647,0,1600,--------,-------,--------,-------,--------,-------,--------,-------,--------,--------,--------,3041.7,0.08,2000,175.4,202.9,0.58
Gephyrocapsa oceanica,Coccolithophore,Inner shelf,High Fe,b,06exp19b.000,11/10/22,63295,0,7172,12287,12463,5114,5291,0.416,0.425,208.2,0.03,0.6,786,0.31,4928,0.09,140813,--------,-------,2182,14941,0,7756,0.08,1200,--------,-------,--------,-------,--------,-------,--------,-------,--------,--------,--------,7121.2,1,0,0,458.3,0
Gephyrocapsa oceanica,Coccolithophore,Inner shelf,High Fe,b,06exp19b.001,11/10/22,63336,250,13132,13730,13789,598,656,0.044,0.048,146.2,0.07,0.15,1450,0.75,8919,0.09,352958,--------,-------,7653,39351,0,13209,0.01,1200,--------,-------,--------,-------,--------,-------,--------,-------,--------,--------,--------,9497.6,0.14,250,72.2,130.7,-0.11
Gephyrocapsa oceanica,Coccolithophore,Inner shelf,High Fe,b,06exp19b.002,11/10/22,63376,500,11161,11788,11849,627,688,0.053,0.058,159.1,0.03,0.25,1405,0.68,4587,0.07,534407,--------,-------,3725,39531,0,11233,0.01,1200,--------,-------,--------,-------,--------,-------,--------,-------,--------,--------,--------,7999.3,0.17,500,176.1,268.5,0.04
Gephyrocapsa oceanica,Coccolithophore,Inner shelf,High Fe,b,06exp19b.003,11/10/22,63417,1000,9376,9685,9723,309,347,0.032,0.036,150.9,0.31,0.21,1801,0.63,4763,0.16,177555,--------,-------,4018,32396,0,9417,0,1200,--------,-------,--------,-------,--------,-------,--------,-------,--------,--------,--------,6856.8,0.11,1000,211.2,248.9,0.27
Gephyrocapsa oceanica,Coccolithophore,Inner shelf,High Fe,b,06exp19b.004,11/10/22,63458,1500,8004,8159,8165,155,161,0.019,0.02,144.6,0.43,0.21,1615,0.61,5348,0.19,168289,--------,-------,4394,35011,0,8022,0,1200,--------,-------,--------,-------,--------,-------,--------,-------,--------,--------,--------,6319.5,0.08,1500,189.3,227.6,0.51
Gephyrocapsa oceanica,Coccolithophore,Inner shelf,High Fe,b,06exp19b.005,11/10/22,63498,2000,7069,7159,7180,89,111,0.012,0.015,84.4,0.5,0.2,1288,0.51,6938,0.28,316224,--------,-------,5326,93870,0,7085,0,1200,--------,-------,--------,-------,--------,-------,--------,-------,--------,--------,--------,5987.7,0.08,2000,165.1,187.8,0.72
Gephyrocapsa oceanica,Coccolithophore,Inner shelf,High Fe,c,06pFe19.C.000,11/10/22,63968,0,19556,32762,33429,13206,13873,0.403,0.415,197.1,0.03,0.61,741,0.31,5437,0.08,136876,--------,-------,2315,13613,0,20927,0.07,800,--------,-------,--------,-------,--------,-------,--------,-------,--------,--------,--------,19642,1,0,0,432,0
Gephyrocapsa oceanica,Coccolithophore,Inner shelf,High Fe,c,06pFe19.C.001,11/10/22,64008,250,38054,39612,39836,1558,1782,0.039,0.045,152.6,0.1,0.15,1478,0.76,9732,0.09,351382,--------,-------,8390,39860,0,38264,0.01,800,--------,-------,--------,-------,--------,-------,--------,-------,--------,--------,--------,27997.9,0.13,250,63.7,119.2,-0.17
Gephyrocapsa oceanica,Coccolithophore,Inner shelf,High Fe,c,06pFe19.C.002,11/10/22,64049,500,34380,35966,36135,1586,1755,0.044,0.049,154,0.07,0.41,2070,0.49,7557,0.1,270493,--------,-------,5066,30618,0,34576,0.01,800,--------,-------,--------,-------,--------,-------,--------,-------,--------,--------,--------,24449.5,0.14,500,142.8,197.4,-0.09
Gephyrocapsa oceanica,Coccolithophore,Inner shelf,High Fe,c,06pFe19.C.003,11/10/22,64089,1000,29480,30360,30455,880,975,0.029,0.032,140.1,0.26,0.35,1971,0.46,7501,0.2,177635,--------,-------,5113,39090,0,29615,0,800,--------,-------,--------,-------,--------,-------,--------,-------,--------,--------,--------,21312.1,0.1,1000,187.8,195.6,0.08
Gephyrocapsa oceanica,Coccolithophore,Inner shelf,High Fe,c,06pFe19.C.004,11/10/22,64130,1500,24481,24974,25039,493,558,0.02,0.022,124.7,0.33,0.31,1552,0.47,7622,0.23,159961,--------,-------,5205,40254,0,24555,0,800,--------,-------,--------,-------,--------,-------,--------,-------,--------,--------,--------,19236.4,0.09,1500,191.7,192.1,0.31
Gephyrocapsa oceanica,Coccolithophore,Inner shelf,High Fe,c,06pFe19.C.005,11/10/22,64171,2000,20918,21188,21236,270,318,0.013,0.015,104.7,0.4,0.27,1356,0.4,9057,0.33,240053,--------,-------,5978,84346,0,20981,0,800,--------,-------,--------,-------,--------,-------,--------,-------,--------,--------,--------,17676.3,0.08,2000,164.9,167.3,0.55
Gephyrocapsa oceanica,Coccolithophore,Inner shelf,Low Fe,a,exp6fea.000,12/2/22,74773,0,6011,7733,8015,1722,2005,0.223,0.25,214.7,0.03,0.48,1988,0.4,8733,0.12,60000,--------,-------,5037,11739,0,6157,0.02,1400,--------,-------,--------,-------,--------,-------,--------,-------,--------,--------,--------,6155.8,1,0,0,198.5,0
Gephyrocapsa oceanica,Coccolithophore,Inner shelf,Low Fe,a,exp6fea.001,12/2/22,74814,250,7573,7538,7507,-34,-66,-0.005,-0.009,517.8,0.04,0.93,31,0.04,9391,0.03,99625,--------,-------,427,3039,0,7566,0,1400,--------,-------,--------,-------,--------,-------,--------,-------,--------,--------,--------,5585.4,-0.02,250,-14.6,2342,0.03
Gephyrocapsa oceanica,Coccolithophore,Inner shelf,Low Fe,a,exp6fea.002,12/2/22,74855,500,6313,6279,6253,-34,-59,-0.005,-0.009,526.8,0.04,0.97,29,0.01,7054,0.02,399752,--------,-------,111,9456,0,6304,0,1400,--------,-------,--------,-------,--------,-------,--------,-------,--------,--------,--------,4842.8,-0.02,500,-34.1,9038.6,0.23
Gephyrocapsa oceanica,Coccolithophore,Inner shelf,Low Fe,a,exp6fea.003,12/2/22,74895,1000,5349,5292,5281,-57,-68,-0.011,-0.013,541.3,0.03,0.39,247,0.57,8331,0.05,136425,--------,-------,5041,11034,0,5339,0,1400,--------,-------,--------,-------,--------,-------,--------,-------,--------,--------,--------,4326.6,-0.06,1000,-137.9,198.4,0.46
Gephyrocapsa oceanica,Coccolithophore,Inner shelf,Low Fe,a,exp6fea.004,12/2/22,74936,1500,4545,4511,4517,-35,-28,-0.008,-0.006,548.7,0.05,0.19,269,0.8,5284,0.01,60000,--------,-------,4334,4950,0,4549,0,1400,--------,-------,--------,-------,--------,-------,--------,-------,--------,--------,--------,3938.4,-0.06,1500,-148.4,230.8,0.71
Gephyrocapsa oceanica,Coccolithophore,Inner shelf,Low Fe,a,exp6fea.005,12/2/22,74977,2000,3964,3917,3904,-48,-60,-0.012,-0.015,532.2,0.04,0.1,582,0.86,9495,0.03,61451,--------,-------,8532,10256,0,3959,0,1400,--------,-------,--------,-------,--------,-------,--------,-------,--------,--------,--------,3616.5,-0.16,2000,-310.3,117.2,0.97
Gephyrocapsa oceanica,Coccolithophore,Inner shelf,Low Fe,b,06pFe21.9.B.000,12/2/22,75232,0,7175,9145,9581,1969,2405,0.215,0.251,215.4,0.03,0.5,1967,0.39,10877,0.11,60000,--------,-------,5861,11883,0,7343,0.02,1400,--------,-------,--------,-------,--------,-------,--------,-------,--------,--------,--------,7396.9,1,0,0,170.6,0
Gephyrocapsa oceanica,Coccolithophore,Inner shelf,Low Fe,b,06pFe21.9.B.001,12/2/22,75272,250,8940,8862,8882,-78,-59,-0.009,-0.007,460.6,0.04,0.99,10,0,50,0,803928,--------,-------,10,1356,0,8927,0,1400,--------,-------,--------,-------,--------,-------,--------,-------,--------,--------,--------,6673.1,-0.04,250,-29,101613.2,0.03
Gephyrocapsa oceanica,Coccolithophore,Inner shelf,Low Fe,b,06pFe21.9.B.002,12/2/22,75312,500,7672,7612,7593,-60,-79,-0.008,-0.01,543.6,0.04,0.99,16,0,4382,0.01,1106497,--------,-------,24,11540,0,7658,0,1400,--------,-------,--------,-------,--------,-------,--------,-------,--------,--------,--------,5904,-0.03,500,-52,41477.2,0.2
Gephyrocapsa oceanica,Coccolithophore,Inner shelf,Low Fe,b,06pFe21.9.B.003,12/2/22,75351,1000,6627,6580,6574,-47,-53,-0.007,-0.008,545.9,0.04,0.51,234,0.45,7990,0.04,93127,--------,-------,3869,7687,0,6620,0,1400,--------,-------,--------,-------,--------,-------,--------,-------,--------,--------,--------,5395.8,-0.04,1000,-95.1,258.4,0.39
Gephyrocapsa oceanica,Coccolithophore,Inner shelf,Low Fe,b,06pFe21.9.B.004,12/2/22,75391,1500,5726,5689,5680,-37,-46,-0.007,-0.008,1080.4,0.7,0.25,1072,0.63,8193,0.12,64853,--------,-------,6189,13152,0,5719,0,1400,--------,-------,--------,-------,--------,-------,--------,-------,--------,--------,--------,4951.7,-0.05,1500,-130.3,161.6,0.61
Gephyrocapsa oceanica,Coccolithophore,Inner shelf,Low Fe,b,06pFe21.9.B.005,12/2/22,75431,2000,5024,4972,4956,-52,-68,-0.011,-0.014,909.1,0.7,0.13,1902,0.78,11558,0.08,123431,--------,-------,10140,19260,0,5015,0,1400,--------,-------,--------,-------,--------,-------,--------,-------,--------,--------,--------,4560,-0.13,2000,-279.6,98.6,0.84
Gephyrocapsa oceanica,Coccolithophore,Inner shelf,Low Fe,c,06pFe21.9.C.000,11/21/22,70597,0,6222,9296,9733,3074,3512,0.331,0.361,203.8,0.03,0.23,2041,0.64,8723,0.13,60000,--------,-------,6981,13819,0,6463,0.04,1400,--------,-------,--------,-------,--------,-------,--------,-------,--------,--------,--------,6662,1,0,0,143.3,0
Gephyrocapsa oceanica,Coccolithophore,Inner shelf,Low Fe,c,06pFe21.9.C.001,11/21/22,70638,250,9619,10032,10036,412,416,0.041,0.041,16.9,0.19,0.13,348,0.38,13335,0.48,1107017,--------,-------,9960,538747,0,9680,0.01,1400,--------,-------,--------,-------,--------,-------,--------,-------,--------,--------,--------,6781.5,0.13,250,83.8,100.4,-0.07
Gephyrocapsa oceanica,Coccolithophore,Inner shelf,Low Fe,c,06pFe21.9.C.002,11/21/22,70678,500,8096,8192,8210,96,114,0.012,0.014,115.2,0.56,0.03,406,0.47,11385,0.5,1175162,--------,-------,10683,590134,0,8140,0.01,1400,--------,-------,--------,-------,--------,-------,--------,-------,--------,--------,--------,6009.1,0.04,500,47.9,93.6,0.13
Gephyrocapsa oceanica,Coccolithophore,Inner shelf,Low Fe,c,06pFe21.9.C.003,11/21/22,70719,1000,6802,7057,7099,255,297,0.036,0.042,15.1,0.38,0.1,780,0.33,7660,0.57,1152816,--------,-------,6019,659381,0,6840,0.01,1400,--------,-------,--------,-------,--------,-------,--------,-------,--------,--------,--------,5261,0.14,1000,294.7,166.2,0.32
Gephyrocapsa oceanica,Coccolithophore,Inner shelf,Low Fe,c,06pFe21.9.C.004,11/21/22,70760,1500,5718,5683,5665,-34,-53,-0.006,-0.009,540.1,0.04,0.96,25,0.03,4257,0.01,60000,--------,-------,136,763,0,5716,0,1400,--------,-------,--------,-------,--------,-------,--------,-------,--------,--------,--------,4609.5,-0.03,1500,-74,7343.6,0.64
Gephyrocapsa oceanica,Coccolithophore,Inner shelf,Low Fe,c,06pFe21.9.C.005,11/21/22,70801,2000,4896,4853,4839,-43,-57,-0.009,-0.012,971.7,0.7,0.28,1192,0.68,5978,0.04,60000,--------,-------,4600,6790,0,4893,0,1400,--------,-------,--------,-------,--------,-------,--------,-------,--------,--------,--------,4151.3,-0.06,2000,-145.5,217.4,0.92
Gephyrocapsa oceanica,Coccolithophore,Inner shelf,Iron Add-Back,a,exp6fea2.000,12/3/22,79344,0,8384,14255,14335,5871,5952,0.412,0.415,268.1,0.07,0.77,641,0.15,5005,0.08,281431,--------,-------,1336,24521,0,9270,0.1,1200,--------,-------,--------,-------,--------,-------,--------,-------,--------,--------,--------,8950.3,1,0,0,748.5,0
Gephyrocapsa oceanica,Coccolithophore,Inner shelf,Iron Add-Back,a,exp6fea2.001,12/3/22,79385,250,19124,19577,19654,453,530,0.023,0.027,128.3,0.41,0.03,509,0.75,15170,0.22,622740,--------,-------,14544,147957,0,19225,0.01,1000,--------,-------,--------,-------,--------,-------,--------,-------,--------,--------,--------,13586.6,0.08,250,49.8,68.8,0.76
Gephyrocapsa oceanica,Coccolithophore,Inner shelf,Iron Add-Back,a,exp6fea2.002,12/3/22,79426,500,17406,17898,17963,492,557,0.028,0.031,141.8,0.23,0.19,1728,0.67,6864,0.14,500351,--------,-------,5753,76018,0,17490,0,1000,--------,-------,--------,-------,--------,-------,--------,-------,--------,--------,--------,13609.1,0.11,500,118.6,173.8,0.92
Gephyrocapsa oceanica,Coccolithophore,Inner shelf,Iron Add-Back,a,exp6fea2.003,12/3/22,79466,1000,15918,16170,16218,252,300,0.016,0.019,140.1,0.48,0.1,3926,0.7,3930,0.2,720916,--------,-------,3929,147231,0,15978,0,1000,--------,-------,--------,-------,--------,-------,--------,-------,--------,--------,--------,13704,0.1,1000,134.3,254.5,1.13
Gephyrocapsa oceanica,Coccolithophore,Inner shelf,Iron Add-Back,a,exp6fea2.004,12/3/22,79507,1500,13995,14168,14190,173,194,0.012,0.014,63.3,0.22,0.21,1848,0.36,3090,0.43,1198380,--------,-------,2632,512238,0,14066,0.01,1000,--------,-------,--------,-------,--------,-------,--------,-------,--------,--------,--------,12942.1,0.14,1500,157.8,379.9,1.43
Gephyrocapsa oceanica,Coccolithophore,Inner shelf,Iron Add-Back,a,exp6fea2.005,12/3/22,79548,2000,12315,12528,12499,213,184,0.017,0.015,26.6,0.44,0.08,930,0.21,10576,0.7,1073571,--------,-------,7872,759119,0,12364,0,1000,--------,-------,--------,-------,--------,-------,--------,-------,--------,--------,--------,11772.5,0.28,2000,293.4,127,1.74
Gephyrocapsa oceanica,Coccolithophore,Inner shelf,Iron Add-Back,b,06add_back.B.000,12/3/22,79893,0,7936,12346,12389,4410,4453,0.357,0.359,271.7,0.04,0.71,584,0.19,6359,0.1,187207,--------,-------,1827,19524,0,8600,0.08,1200,--------,-------,--------,-------,--------,-------,--------,-------,--------,--------,--------,8050.8,1,0,0,547.4,0
Gephyrocapsa oceanica,Coccolithophore,Inner shelf,Iron Add-Back,b,06add_back.B.001,12/3/22,79934,250,12976,13487,13575,511,599,0.038,0.044,157.6,0.04,0.15,848,0.75,9680,0.09,355114,--------,-------,8186,40394,0,13056,0.01,1200,--------,-------,--------,-------,--------,-------,--------,-------,--------,--------,--------,10455.7,0.17,250,95.4,122.2,-0.08
Gephyrocapsa oceanica,Coccolithophore,Inner shelf,Iron Add-Back,b,06add_back.B.002,12/3/22,79975,500,11443,11772,11814,329,371,0.028,0.031,182.1,0.16,0.18,816,0.72,5533,0.09,503916,--------,-------,4577,51438,0,11497,0,1200,--------,-------,--------,-------,--------,-------,--------,-------,--------,--------,--------,10010.9,0.19,500,140.9,218.5,0.05
Gephyrocapsa oceanica,Coccolithophore,Inner shelf,Iron Add-Back,b,06add_back.B.003,12/3/22,80016,1000,10402,10606,10651,204,248,0.019,0.023,131.4,0.07,0.42,1441,0.48,6865,0.1,481497,--------,-------,4352,53705,0,10434,0,1200,--------,-------,--------,-------,--------,-------,--------,-------,--------,--------,--------,9413.7,0.17,1000,193.5,229.8,0.16
Gephyrocapsa oceanica,Coccolithophore,Inner shelf,Iron Add-Back,b,06add_back.B.004,12/3/22,80056,1500,9333,9457,9498,124,165,0.013,0.017,166.2,0.35,0.39,1471,0.47,7529,0.14,230044,--------,-------,4765,35285,0,9353,0,1200,--------,-------,--------,-------,--------,-------,--------,-------,--------,--------,--------,8623.8,0.15,1500,197.4,209.8,0.31
Gephyrocapsa oceanica,Coccolithophore,Inner shelf,Iron Add-Back,b,06add_back.B.005,12/3/22,80097,2000,8549,8657,8687,108,137,0.012,0.016,104.5,0.1,0.37,1214,0.43,6918,0.2,757724,--------,-------,4249,155223,0,8579,0,1200,--------,-------,--------,-------,--------,-------,--------,-------,--------,--------,--------,8015.6,0.17,2000,250.3,235.4,0.43
C. closterium UGA8,Diatom,Inner Shelf ,High Fe,a,08pFe19.A.000,10/9/22,69802,0,12570,22468,22358,9898,9787,0.441,0.438,229.8,0.25,0.67,512,0.22,9927,0.11,154256,--------,-------,2871,19900,0,13708,0.08,800,--------,-------,--------,------- -,------- -,------ -,------- -,------,--------,--------,--------,12231.9,1,0,0,348.3,0
C. closterium UGA8,Diatom,Inner Shelf ,High Fe,a,08pFe19.A.001,10/9/22,69842,250,28479,29576,29678,1097,1198,0.037,0.04,175.9,0.28,0.05,478,0.79,24946,0.16,114664,--------,-------,23388,37997,0,28635,0.01,800,--------,-------,--------,------- -,------- -,------ -,------- -,------,--------,--------,--------,15223.4,0.08,250,64,42.8,-0.24
C. closterium UGA8,Diatom,Inner Shelf ,High Fe,a,08pFe19.A.002,10/9/22,69881,500,27272,28231,28299,960,1027,0.034,0.036,181,0.21,0.06,547,0.78,15526,0.15,227118,--------,-------,14408,47096,0,27428,0.01,800,--------,-------,--------,------- -,------- -,------ -,------- -,------,--------,--------,--------,14645.9,0.07,500,117.4,69.4,-0.2
C. closterium UGA8,Diatom,Inner Shelf ,High Fe,a,08pFe19.A.003,10/9/22,69921,1000,25981,26541,26602,560,621,0.021,0.023,182,0.36,0.05,607,0.76,13659,0.19,291823,--------,-------,12891,66783,0,26083,0,800,--------,-------,--------,------- -,------- -,------ -,------- -,------,--------,--------,--------,14241.3,0.05,1000,145.7,77.6,-0.15
C. closterium UGA8,Diatom,Inner Shelf ,High Fe,a,08pFe19.A.004,10/9/22,69961,1500,24371,24639,24676,267,305,0.011,0.012,157.3,0.38,0.06,693,0.56,15081,0.38,513382,--------,-------,13780,205771,0,24468,0,800,--------,-------,--------,------- -,------- -,------ -,------- -,------,--------,--------,--------,13981.5,0.03,1500,112.4,72.6,-0.09
C. closterium UGA8,Diatom,Inner Shelf ,High Fe,b,08pFe19.B.000,10/9/22,70475,0,11926,21911,21804,9986,9878,0.456,0.453,227,0.25,0.66,503,0.21,8171,0.13,119122,--------,-------,2335,17777,0,13066,0.09,800,--------,-------,--------,-------,--------,-------,--------,-------,--------,--------,--------,11624.4,1,0,0,428.3,0
C. closterium UGA8,Diatom,Inner Shelf ,High Fe,b,08pFe19.B.001,10/9/22,70514,250,28381,29269,29315,889,934,0.03,0.032,173.5,0.36,0.04,433,0.76,28850,0.2,150151,--------,-------,27354,51769,0,28529,0.01,800,--------,-------,--------,-------,--------,-------,--------,-------,--------,--------,--------,14825.2,0.06,250,50.1,36.6,-0.25
C. closterium UGA8,Diatom,Inner Shelf ,High Fe,b,08pFe19.B.002,10/9/22,70554,500,26448,27185,27244,737,797,0.027,0.029,163.3,0.26,0.05,558,0.78,18948,0.17,360058,--------,-------,17838,75043,0,26583,0.01,800,--------,-------,--------,-------,--------,-------,--------,-------,--------,--------,--------,14157.8,0.06,500,89.4,56.1,-0.19
C. closterium UGA8,Diatom,Inner Shelf ,High Fe,b,08pFe19.B.003,10/9/22,70594,1000,24432,24893,24925,461,492,0.019,0.02,176.7,0.32,0.05,591,0.74,15147,0.21,292965,--------,-------,14242,73346,0,24523,0,800,--------,-------,--------,-------,--------,-------,--------,-------,--------,--------,--------,13571,0.04,1000,122.2,70.2,-0.12
C. closterium UGA8,Diatom,Inner Shelf ,High Fe,b,08pFe19.B.004,10/9/22,70633,1500,22475,22702,22731,227,257,0.01,0.011,167,0.52,0.05,645,0.6,16556,0.36,403515,--------,-------,15413,154557,0,22539,0,800,--------,-------,--------,-------,--------,-------,--------,-------,--------,--------,--------,13230.7,0.02,1500,99,64.9,-0.03
C. closterium UGA8,Diatom,Inner Shelf ,High Fe,b,08pFe19.B.005,10/9/22,70673,2000,20756,20672,20617,-84,-139,-0.004,-0.007,538.8,0.04,0.94,32,0.04,7164,0.02,171372,--------,-------,344,4022,0,20742,0,800,--------,-------,--------,-------,--------,-------,--------,-------,--------,--------,--------,12960.1,-0.01,2000,-53.4,2905.1,0.06
C. closterium UGA8,Diatom,Inner Shelf ,High Fe,c,08pFe19.C.000,10/9/22,71237,0,11418,18328,18432,6910,7015,0.377,0.381,259,0.27,0.77,607,0.14,13646,0.09,241894,--------,-------,2640,24273,0,12291,0.07,1200,--------,-------,--------,-------,--------,-------,--------,-------,--------,--------,--------,12190.5,1,0,0,378.8,0
C. closterium UGA8,Diatom,Inner Shelf ,High Fe,c,08pFe19.C.001,10/9/22,71277,250,26118,26580,26651,463,534,0.017,0.02,178.7,0.48,0.03,388,0.51,33657,0.46,112509,--------,-------,31664,68954,0,26230,0,1000,--------,-------,--------,-------,--------,-------,--------,-------,--------,--------,--------,13944.3,0.04,250,39.6,31.6,0.66
C. closterium UGA8,Diatom,Inner Shelf ,High Fe,c,08pFe19.C.002,10/9/22,71318,500,24381,24801,24888,420,507,0.017,0.02,177.1,0.46,0.03,419,0.7,25476,0.27,269633,--------,-------,24444,89535,0,24482,0,1000,--------,-------,--------,-------,--------,-------,--------,-------,--------,--------,--------,13016.1,0.04,500,77,40.9,0.78
C. closterium UGA8,Diatom,Inner Shelf ,High Fe,c,08pFe19.C.003,10/9/22,71359,1000,22791,23055,23078,264,287,0.011,0.012,180.4,0.47,0.04,514,0.62,20658,0.34,404741,--------,-------,19442,148704,0,22865,0,1000,--------,-------,--------,-------,--------,-------,--------,-------,--------,--------,--------,12643.8,0.03,1000,104.3,51.4,0.92
C. closterium UGA8,Diatom,Inner Shelf ,High Fe,c,08pFe19.C.004,10/9/22,71399,1500,21064,21178,21201,114,136,0.005,0.006,182.1,0.58,0.04,528,0.32,19765,0.64,1044550,--------,-------,17540,676619,0,21137,0,1000,--------,-------,--------,-------,--------,-------,--------,-------,--------,--------,--------,12334.9,0.01,1500,73.6,57,1.09
C. closterium UGA8,Diatom,Inner Shelf ,High Fe,c,08pFe19.C.005,10/9/22,71440,2000,19414,19329,19325,-85,-89,-0.004,-0.005,533.9,0.04,0.64,153,0.3,9575,0.06,60000,--------,-------,3141,6330,0,19405,0,1000,--------,-------,--------,-------,--------,-------,--------,-------,--------,--------,--------,12073.9,-0.01,2000,-79.9,318.3,1.29
C. closterium UGA8,Diatom,Inner Shelf ,Low Fe,a,08pFe21.9.A.000,10/9/22,71629,0,6647,11239,11326,4592,4679,0.409,0.413,281.1,0.05,0.69,708,0.21,7746,0.1,198946,--------,-------,2359,22896,0,7404,0.1,1400,--------,-------,--------,-------,--------,-------,--------,-------,--------,--------,--------,7247.6,1,0,0,423.9,0
C. closterium UGA8,Diatom,Inner Shelf ,Low Fe,a,08pFe21.9.A.001,10/9/22,71669,250,13867,14033,14057,166,190,0.012,0.013,158.5,0.59,0.03,369,0.45,30662,0.51,733050,--------,-------,28686,390286,0,13939,0.01,1200,--------,-------,--------,-------,--------,-------,--------,-------,--------,--------,--------,8593.6,0.03,250,26.9,34.9,0.93
C. closterium UGA8,Diatom,Inner Shelf ,Low Fe,a,08pFe21.9.A.002,10/9/22,71710,500,11420,11530,11555,111,135,0.01,0.012,150.7,0.48,0.04,425,0.5,27320,0.46,808190,--------,-------,25469,384452,0,11470,0,1200,--------,-------,--------,-------,--------,-------,--------,-------,--------,--------,--------,7382.3,0.03,500,43.8,39.3,1.35
C. closterium UGA8,Diatom,Inner Shelf ,Low Fe,a,08pFe21.9.A.003,10/9/22,71751,1000,10079,10138,10151,59,73,0.006,0.007,165.8,0.68,0.03,496,0.34,26765,0.62,1158779,--------,-------,24366,730856,0,10112,0,1200,--------,-------,--------,-------,--------,-------,--------,-------,--------,--------,--------,6860.9,0.02,1000,53.3,41,1.67
C. closterium UGA8,Diatom,Inner Shelf ,Low Fe,a,08pFe21.9.A.004,10/9/22,71791,1500,9256,9357,9372,101,115,0.011,0.012,38.2,0.61,0.07,701,0.42,17611,0.51,664610,--------,-------,15082,347251,0,9277,0,1200,--------,-------,--------,-------,--------,-------,--------,-------,--------,--------,--------,6639.5,0.04,1500,147,66.3,1.9
C. closterium UGA8,Diatom,Inner Shelf ,Low Fe,a,08pFe21.9.A.005,10/9/22,71832,2000,8626,8601,8602,-25,-25,-0.003,-0.003,539.3,0.04,0.24,418,0.67,11253,0.09,60000,--------,-------,8383,13018,0,8623,0,1200,--------,-------,--------,-------,--------,-------,--------,-------,--------,--------,--------,6456.4,-0.01,2000,-53.6,119.3,2.15
C. closterium UGA8,Diatom,Inner Shelf ,Low Fe,b,08pFe21.9.B.000,10/10/22,48721,0,9407,14890,15096,5483,5689,0.368,0.377,275.4,0.14,0.56,431,0.35,3268,0.08,293857,--------,-------,1522,26161,0,10234,0.08,1200,--------,-------,--------,-------,--------,-------,--------,-------,--------,--------,--------,9948.6,1,0,0,657,0
C. closterium UGA8,Diatom,Inner Shelf ,Low Fe,b,08pFe21.9.B.001,10/10/22,48761,250,9672,10401,10433,729,761,0.07,0.073,216.3,0.03,0.19,408,0.77,6208,0.04,459932,--------,-------,5053,23923,0,9760,0.01,1200,--------,-------,--------,-------,--------,-------,--------,-------,--------,--------,--------,7341.4,0.24,250,173.5,197.9,0.43
C. closterium UGA8,Diatom,Inner Shelf ,Low Fe,b,08pFe21.9.B.002,10/10/22,48801,500,7630,8179,8182,549,552,0.067,0.067,206.8,0.03,0.24,618,0.69,4196,0.07,631908,--------,-------,3261,48188,0,7708,0.01,1200,--------,-------,--------,-------,--------,-------,--------,-------,--------,--------,--------,6031.7,0.26,500,332.4,306.6,0.82
C. closterium UGA8,Diatom,Inner Shelf ,Low Fe,b,08pFe21.9.B.003,10/10/22,48840,1000,7109,7445,7445,336,336,0.045,0.045,222.3,0.12,0.25,630,0.67,3561,0.07,704657,--------,-------,2766,54482,0,7153,0.01,1200,--------,-------,--------,-------,--------,-------,--------,-------,--------,--------,--------,5627.2,0.19,1000,447.5,361.6,1
C. closterium UGA8,Diatom,Inner Shelf ,Low Fe,b,08pFe21.9.B.004,10/10/22,48880,1500,6598,6762,6759,164,162,0.024,0.024,225,0.14,0.38,1031,0.52,4519,0.1,489348,--------,-------,3041,49263,0,6621,0,1200,--------,-------,--------,-------,--------,-------,--------,-------,--------,--------,--------,5312.1,0.11,1500,360.6,328.9,1.2
C. closterium UGA8,Diatom,Inner Shelf ,Low Fe,b,08pFe21.9.B.005,10/10/22,48920,2000,6112,6148,6163,36,52,0.006,0.008,215.6,0.66,0.23,1267,0.43,7712,0.34,639669,--------,-------,5478,224236,0,6125,0,1200,--------,-------,--------,-------,--------,-------,--------,-------,--------,--------,--------,5089.9,0.03,2000,117.2,182.5,1.42
C. closterium UGA8,Diatom,Inner Shelf ,Low Fe,c,08pFe21.9.C.000,10/10/22,49118,0,6578,10539,10682,3961,4104,0.376,0.384,284.5,0.08,0.53,495,0.38,3151,0.09,256518,--------,-------,1597,24562,0,7222,0.09,1400,--------,-------,--------,-------,--------,-------,--------,-------,--------,--------,--------,7017.3,1,0,0,626,0
C. closterium UGA8,Diatom,Inner Shelf ,Low Fe,c,08pFe21.9.C.001,10/10/22,49157,250,7273,7777,7808,504,535,0.065,0.069,224.7,0.03,0.19,368,0.78,5036,0.03,524423,--------,-------,4139,19942,0,7334,0.01,1400,--------,-------,--------,-------,--------,-------,--------,-------,--------,--------,--------,5768,0.25,250,162.4,241.6,0.36
C. closterium UGA8,Diatom,Inner Shelf ,Low Fe,c,08pFe21.9.C.002,10/10/22,49197,500,5746,6100,6125,354,380,0.058,0.062,201.3,0.03,0.26,338,0.71,3442,0.04,604068,--------,-------,2613,24985,0,5786,0.01,1400,--------,-------,--------,-------,--------,-------,--------,-------,--------,--------,--------,4691.3,0.25,500,291.1,382.7,0.73
C. closterium UGA8,Diatom,Inner Shelf ,Low Fe,c,08pFe21.9.C.003,10/10/22,49237,1000,5352,5555,5560,204,209,0.037,0.038,251.7,0.08,0.26,603,0.66,3403,0.08,665297,--------,-------,2613,52518,0,5384,0.01,1400,--------,-------,--------,-------,--------,-------,--------,-------,--------,--------,--------,4361.1,0.17,1000,367.8,382.7,0.9
C. closterium UGA8,Diatom,Inner Shelf ,Low Fe,c,08pFe21.9.C.004,10/10/22,49277,1500,5014,5088,5092,74,78,0.015,0.015,263.8,0.54,0.18,915,0.66,4570,0.16,275032,--------,-------,3790,46019,0,5025,0,1400,--------,-------,--------,-------,--------,-------,--------,-------,--------,--------,--------,4117.7,0.08,1500,220.1,263.9,1.07
C. closterium UGA8,Diatom,Inner Shelf ,Low Fe,c,08pFe21.9.C.005,10/10/22,49316,2000,4668,4660,4659,-8,-9,-0.002,-0.002,1448.3,0.4,0.62,62,0.37,1946,0.01,60000,--------,-------,769,1135,0,4667,0,1400,--------,-------,--------,-------,--------,-------,--------,-------,--------,--------,--------,3924.6,-0.01,2000,-33.5,1301.2,1.26
C. closterium UGA8,Diatom,Inner Shelf ,Iron Add-Back,a,08add_back.A.000,10/11/22,51681,0,2218,4070,4115,1853,1897,0.455,0.461,271.2,0.18,0.63,545,0.28,7809,0.09,265466,--------,-------,2778,26377,0,2482,0.11,1800,--------,-------,--------,-------,--------,-------,--------,-------,--------,--------,--------,2304.6,1,0,0,359.9,0
C. closterium UGA8,Diatom,Inner Shelf ,Iron Add-Back,a,08add_back.A.001,10/11/22,51721,250,3593,3774,3798,181,205,0.048,0.054,206.3,0.11,0.12,581,0.8,10767,0.08,177310,--------,-------,9427,23140,0,3618,0.01,1800,--------,-------,--------,-------,--------,-------,--------,-------,--------,--------,--------,2465.2,0.14,250,94.5,106.1,0.08
C. closterium UGA8,Diatom,Inner Shelf ,Iron Add-Back,a,08add_back.A.002,10/11/22,51761,500,2785,2950,2962,165,176,0.056,0.06,195.5,0.04,0.2,750,0.72,6622,0.08,562400,--------,-------,5337,51232,0,2810,0.01,1800,--------,-------,--------,-------,--------,-------,--------,-------,--------,--------,--------,2042.2,0.18,500,220.1,187.4,0.38
C. closterium UGA8,Diatom,Inner Shelf ,Iron Add-Back,a,08add_back.A.003,10/11/22,51801,1000,2589,2672,2685,83,96,0.031,0.036,200.6,0.26,0.2,901,0.67,6287,0.13,279572,--------,-------,5030,40797,0,2602,0.01,1800,--------,-------,--------,-------,--------,-------,--------,-------,--------,--------,--------,1938.9,0.11,1000,244.9,198.8,0.52
C. closterium UGA8,Diatom,Inner Shelf ,Iron Add-Back,a,08add_back.A.004,10/11/22,51841,1500,2420,2462,2466,42,46,0.017,0.019,109.6,0.04,0.39,1206,0.57,6891,0.04,60000,--------,-------,4595,6793,0,2421,0,1800,--------,-------,--------,-------,--------,-------,--------,-------,--------,--------,--------,1881,0.07,1500,201.5,217.6,0.65
C. closterium UGA8,Diatom,Inner Shelf ,Iron Add-Back,a,08add_back.A.005,10/11/22,51881,2000,2269,2261,2260,-7,-9,-0.003,-0.004,534,0.04,0.35,2331,0.63,3590,0.01,60000,--------,-------,3139,3839,0,2269,0,1800,--------,-------,--------,-------,--------,-------,--------,-------,--------,--------,--------,1843.3,-0.02,2000,-49.9,318.6,0.8
C. closterium UGA8,Diatom,Inner Shelf ,Iron Add-Back,b,08add_back.B.000,10/11/22,50687,0,22757,35651,35844,12894,13087,0.362,0.365,253,0.29,0.66,498,0.26,3600,0.08,328272,--------,-------,1379,28102,0,24349,0.07,800,--------,-------,--------,-------,--------,-------,--------,-------,--------,--------,--------,24197.1,1,0,0,724.9,0
C. closterium UGA8,Diatom,Inner Shelf ,Iron Add-Back,b,08add_back.B.001,10/11/22,50726,250,26651,28458,28586,1807,1935,0.064,0.068,185.6,0.07,0.12,423,0.8,11366,0.07,204194,--------,-------,9910,23896,0,26882,0.01,800,--------,-------,--------,-------,--------,-------,--------,-------,--------,--------,--------,16598.9,0.15,250,147.1,100.9,0.25
C. closterium UGA8,Diatom,Inner Shelf ,Iron Add-Back,b,08add_back.B.002,10/11/22,50766,500,20523,22036,22069,1513,1546,0.069,0.07,176.3,0.03,0.18,455,0.76,6699,0.06,492513,--------,-------,5520,36357,0,20710,0.01,800,--------,-------,--------,-------,--------,-------,--------,-------,--------,--------,--------,13836.2,0.18,500,318.1,181.2,0.62
C. closterium UGA8,Diatom,Inner Shelf ,Iron Add-Back,b,08add_back.B.003,10/11/22,50806,1000,19226,20240,20267,1014,1041,0.05,0.051,178.4,0.03,0.21,709,0.71,5791,0.08,587664,--------,-------,4628,49241,0,19354,0.01,800,--------,-------,--------,-------,--------,-------,--------,-------,--------,--------,--------,12997.9,0.14,1000,464.1,216.1,0.76
C. closterium UGA8,Diatom,Inner Shelf ,Iron Add-Back,b,08add_back.B.004,10/11/22,50846,1500,18056,18764,18791,707,735,0.038,0.039,186.8,0.03,0.28,935,0.62,5535,0.09,269231,--------,-------,4105,29273,0,18150,0.01,800,--------,-------,--------,-------,--------,-------,--------,-------,--------,--------,--------,12710.7,0.12,1500,523.7,243.6,0.9
C. closterium UGA8,Diatom,Inner Shelf ,Iron Add-Back,b,08add_back.B.005,10/11/22,50886,2000,16911,17242,17267,331,356,0.019,0.021,165,0.23,0.27,1169,0.59,6202,0.14,163856,--------,-------,4620,27608,0,16955,0,800,--------,-------,--------,-------,--------,-------,--------,-------,--------,--------,--------,12534.9,0.07,2000,355.3,216.4,1.07
C. closterium UGA8,Diatom,Inner Shelf ,Iron Add-Back,c,08add_back.C.000,10/11/22,51331,0,20624,47327,47330,26703,26706,0.564,0.564,250.7,0.35,0.7,410,0.22,3549,0.09,244085,--------,-------,1151,22040,0,23588,0.13,600,--------,-------,--------,-------,--------,-------,--------,-------,--------,--------,--------,22145.4,1,0,0,868.7,0
C. closterium UGA8,Diatom,Inner Shelf ,Iron Add-Back,c,08add_back.C.001,10/11/22,51370,250,40780,44029,44237,3249,3457,0.074,0.078,184.3,0.04,0.15,469,0.79,11104,0.06,224744,--------,-------,9396,22623,0,41179,0.01,600,--------,-------,--------,-------,--------,-------,--------,-------,--------,--------,--------,25864.7,0.18,250,108.6,106.4,0.07
C. closterium UGA8,Diatom,Inner Shelf ,Iron Add-Back,c,08add_back.C.002,10/11/22,51410,500,31120,33961,34065,2841,2944,0.084,0.086,169.9,0.03,0.21,464,0.74,6025,0.05,492546,--------,-------,4785,28015,0,31428,0.01,600,--------,-------,--------,-------,--------,-------,--------,-------,--------,--------,--------,21505.6,0.23,500,246.1,209,0.39
C. closterium UGA8,Diatom,Inner Shelf ,Iron Add-Back,c,08add_back.C.003,10/11/22,51450,1000,29476,31409,31477,1933,2001,0.062,0.064,175.6,0.03,0.22,608,0.71,4947,0.07,538669,--------,-------,3923,41701,0,29720,0.01,600,--------,-------,--------,-------,--------,-------,--------,-------,--------,--------,--------,20431.3,0.18,1000,362.1,254.9,0.51
C. closterium UGA8,Diatom,Inner Shelf ,Iron Add-Back,c,08add_back.C.004,10/11/22,51490,1500,28013,29331,29402,1318,1390,0.045,0.047,170.5,0.04,0.27,738,0.65,4665,0.07,527321,--------,-------,3512,42549,0,28175,0.01,600,--------,-------,--------,-------,--------,-------,--------,-------,--------,--------,--------,19987.6,0.14,1500,396.8,284.8,0.61
C. closterium UGA8,Diatom,Inner Shelf ,Iron Add-Back,c,08add_back.C.005,10/11/22,51530,2000,26318,27006,27059,688,741,0.025,0.027,179.4,0.28,0.26,904,0.61,4929,0.13,309623,--------,-------,3730,42645,0,26416,0,600,--------,-------,--------,-------,--------,-------,--------,-------,--------,--------,--------,19713.8,0.09,2000,299.8,268.1,0.75
Gephyrocapsa huxleyi,Coccolithophore,Outer Shelf,High Fe,a,13pFe19.A.000,11/27/22,82617,0,21601,23330,24857,1729,3256,0.074,0.131,262.5,0.06,0.77,987,0.13,16155,0.1,60000,--------,-------,3183,9005,0,21841,0.01,1000,--------,-------,--------,-------,--------,-------,--------,-------,--------,--------,--------,22703.8,1,0,0,314.2,0
Gephyrocapsa huxleyi,Coccolithophore,Outer Shelf,High Fe,a,13pFe19.A.001,11/27/22,82657,250,19902,20051,20060,149,158,0.007,0.008,113,0.52,0.07,1002,0.36,27788,0.57,288708,--------,-------,23244,175124,0,19952,0,1000,--------,-------,--------,-------,--------,-------,--------,-------,--------,--------,--------,18661.4,0.11,250,87,43,0.16
Gephyrocapsa huxleyi,Coccolithophore,Outer Shelf,High Fe,a,13pFe19.A.002,11/27/22,82697,500,19217,19398,19425,181,208,0.009,0.011,63.1,0.25,0.11,952,0.35,19545,0.54,349902,--------,-------,14949,195307,0,19283,0,1000,--------,-------,--------,-------,--------,-------,--------,-------,--------,--------,--------,18045.6,0.13,500,219.3,66.9,0.2
Gephyrocapsa huxleyi,Coccolithophore,Outer Shelf,High Fe,a,13pFe19.A.003,11/27/22,82736,1000,18263,18418,18429,154,165,0.008,0.009,58.1,0.39,0.12,965,0.39,18582,0.49,269029,--------,-------,14557,138828,0,18301,0,1000,--------,-------,--------,-------,--------,-------,--------,-------,--------,--------,--------,17272.3,0.13,1000,393,68.7,0.27
Gephyrocapsa huxleyi,Coccolithophore,Outer Shelf,High Fe,a,13pFe19.A.004,11/27/22,82776,1500,17112,17355,17344,243,232,0.014,0.013,24.4,0.21,0.1,707,0.26,13493,0.64,615308,--------,-------,10003,397961,0,17166,0,1000,--------,-------,--------,-------,--------,-------,--------,-------,--------,--------,--------,16284.7,0.23,1500,985.9,100,0.34
Gephyrocapsa huxleyi,Coccolithophore,Outer Shelf,High Fe,a,13pFe19.A.005,11/27/22,82815,2000,16002,15993,16024,-9,22,-0.001,0.001,154.6,0.08,0.21,738,0.77,8479,0.03,60000,--------,-------,6832,8263,0,15993,0,1000,--------,-------,--------,-------,--------,-------,--------,-------,--------,--------,--------,15263.4,-0.01,2000,-53.8,146.4,0.46
Gephyrocapsa huxleyi,Coccolithophore,Outer Shelf,High Fe,b,13pFe19.B.000,11/27/22,83880,0,22876,24510,26455,1634,3579,0.067,0.135,241.2,0.06,0.77,1044,0.17,19236,0.06,60000,--------,-------,4316,7489,0,23092,0.01,1000,--------,-------,--------,-------,--------,-------,--------,-------,--------,--------,--------,24004.6,1,0,0,231.7,0
Gephyrocapsa huxleyi,Coccolithophore,Outer Shelf,High Fe,b,13pFe19.B.001,11/27/22,83920,250,21117,21309,21346,192,229,0.009,0.011,62.3,0.2,0.11,939,0.38,21488,0.51,285545,--------,-------,16944,153516,0,21182,0,1000,--------,-------,--------,-------,--------,-------,--------,-------,--------,--------,--------,19893.8,0.14,250,108.1,59,0.15
Gephyrocapsa huxleyi,Coccolithophore,Outer Shelf,High Fe,b,13pFe19.B.002,11/27/22,83961,500,20344,20537,20573,193,229,0.009,0.011,52.6,0.31,0.13,1042,0.37,21259,0.5,275280,--------,-------,16055,145767,0,20397,0,1000,--------,-------,--------,-------,--------,-------,--------,-------,--------,--------,--------,19195.2,0.14,500,225.4,62.3,0.19
Gephyrocapsa huxleyi,Coccolithophore,Outer Shelf,High Fe,b,13pFe19.B.003,11/27/22,84002,1000,19447,19434,19488,-14,40,-0.001,0.002,147.7,0.08,0.1,746,0.87,14042,0.02,60000,--------,-------,12651,13767,0,19439,0,1000,--------,-------,--------,-------,--------,-------,--------,-------,--------,--------,--------,18337.5,-0.01,1000,-33.7,79,0.26
Gephyrocapsa huxleyi,Coccolithophore,Outer Shelf,High Fe,b,13pFe19.B.004,11/27/22,84043,1500,18339,18053,19009,-286,669,-0.016,0.035,62.8,0.09,1,10,0,8082,0,60000,--------,-------,39,69,0,18327,0,1000,--------,-------,--------,-------,--------,-------,--------,-------,--------,--------,--------,17392.2,-0.43,1500,-1139.2,25719.1,0.36
Gephyrocapsa huxleyi,Coccolithophore,Outer Shelf,High Fe,b,13pFe19.B.005,11/27/22,84084,2000,17220,17067,18006,-154,785,-0.009,0.044,77.9,0.09,0.99,10,0.01,7513,0,60000,--------,-------,89,175,0,17208,0,1000,--------,-------,--------,-------,--------,-------,--------,-------,--------,--------,--------,16426.7,-0.24,2000,-863.2,11240.9,0.44
Gephyrocapsa huxleyi,Coccolithophore,Outer Shelf,High Fe,c,13pFe19.C.000,11/27/22,85073,0,21958,23717,25034,1759,3076,0.074,0.123,245,0.05,0.73,876,0.16,8193,0.11,60000,--------,-------,2212,8282,0,22176,0.01,1000,--------,-------,--------,-------,--------,-------,--------,-------,--------,--------,--------,22925.8,1,0,0,452,0
Gephyrocapsa huxleyi,Coccolithophore,Outer Shelf,High Fe,c,13pFe19.C.001,11/27/22,85114,250,21021,21188,21202,167,181,0.008,0.009,82.4,0.24,0.09,818,0.43,24565,0.48,242938,--------,-------,20463,127882,0,21073,0,1000,--------,-------,--------,-------,--------,-------,--------,-------,--------,--------,--------,19556.4,0.1,250,86.1,48.9,0.12
Gephyrocapsa huxleyi,Coccolithophore,Outer Shelf,High Fe,c,13pFe19.C.002,11/27/22,85154,500,20361,20616,20670,255,309,0.012,0.015,39,0.52,0.11,883,0.32,21902,0.57,330171,--------,-------,16664,195980,0,20419,0,1000,--------,-------,--------,-------,--------,-------,--------,-------,--------,--------,--------,18970.3,0.15,500,270.6,60,0.15
Gephyrocapsa huxleyi,Coccolithophore,Outer Shelf,High Fe,c,13pFe19.C.003,11/27/22,85195,1000,19434,19734,19749,301,315,0.015,0.016,22.5,0.37,0.07,689,0.33,17085,0.59,480977,--------,-------,14087,290336,0,19485,0,1000,--------,-------,--------,-------,--------,-------,--------,-------,--------,--------,--------,18267.3,0.2,1000,666.3,71,0.2
Gephyrocapsa huxleyi,Coccolithophore,Outer Shelf,High Fe,c,13pFe19.C.004,11/27/22,85236,1500,18334,18490,18533,156,198,0.008,0.011,44.6,0.46,0.1,829,0.36,20145,0.54,279095,--------,-------,15895,156784,0,18373,0,1000,--------,-------,--------,-------,--------,-------,--------,-------,--------,--------,--------,17365.3,0.14,1500,553.3,62.9,0.28
Gephyrocapsa huxleyi,Coccolithophore,Outer Shelf,High Fe,c,13pFe19.C.005,11/27/22,85276,2000,17290,16962,18163,-327,874,-0.019,0.048,41.9,0.12,1,10,0,7161,0,60000,--------,-------,35,50,0,17286,0,1000,--------,-------,--------,-------,--------,-------,--------,-------,--------,--------,--------,16459.5,-0.65,2000,-1688.9,28341.8,0.4
Gephyrocapsa huxleyi,Coccolithophore,Outer Shelf,Low Fe,a,13pFe21.9.A.000,12/6/22,71601,0,8629,11578,12346,2949,3716,0.255,0.301,223.3,0.03,0.43,2123,0.49,32486,0.08,60000,--------,-------,18289,21688,0,8925,0.03,1200,--------,-------,--------,-------,--------,-------,--------,-------,--------,--------,--------,9545.1,1,0,0,54.7,0
Gephyrocapsa huxleyi,Coccolithophore,Outer Shelf,Low Fe,a,13pFe21.9.A.001,12/6/22,71642,250,12815,12648,12637,-166,-178,-0.013,-0.014,548,0.04,0.1,284,0.84,23650,0.07,60785,--------,-------,21224,23823,0,12792,0,1200,--------,-------,--------,-------,--------,-------,--------,-------,--------,--------,--------,10703.4,-0.09,250,-38.2,47.1,-0.08
Gephyrocapsa huxleyi,Coccolithophore,Outer Shelf,Low Fe,a,13pFe21.9.A.002,12/6/22,71682,500,12231,12093,12096,-138,-135,-0.011,-0.011,549,0.03,0.21,273,0.71,18139,0.07,60000,--------,-------,14021,17367,0,12216,0,1200,--------,-------,--------,-------,--------,-------,--------,-------,--------,--------,--------,10352.9,-0.08,500,-66.3,71.3,-0.04
Gephyrocapsa huxleyi,Coccolithophore,Outer Shelf,Low Fe,a,13pFe21.9.A.003,12/6/22,71723,1000,11064,10937,10938,-127,-126,-0.012,-0.012,545.3,0.04,0.51,200,0.35,12797,0.14,110131,--------,-------,5382,20028,0,11035,0,1200,--------,-------,--------,-------,--------,-------,--------,-------,--------,--------,--------,9607,-0.1,1000,-134.4,185.8,0.06
Gephyrocapsa huxleyi,Coccolithophore,Outer Shelf,Low Fe,a,13pFe21.9.A.004,12/6/22,71764,1500,9605,9516,9518,-89,-87,-0.009,-0.009,547.2,0.03,0.55,201,0.35,11736,0.1,137384,--------,-------,4688,17601,0,9586,0,1200,--------,-------,--------,-------,--------,-------,--------,-------,--------,--------,--------,8624.2,-0.1,1500,-162.2,213.3,0.22
Gephyrocapsa huxleyi,Coccolithophore,Outer Shelf,Low Fe,a,13pFe21.9.A.005,12/6/22,71805,2000,8182,8118,8107,-64,-75,-0.008,-0.009,550.4,0.04,0.99,17,0.01,4642,0.01,940719,--------,-------,50,5258,0,8174,0,1200,--------,-------,--------,-------,--------,-------,--------,-------,--------,--------,--------,7563.8,-0.12,2000,-182.9,19957.9,0.43
Gephyrocapsa huxleyi,Coccolithophore,Outer Shelf,Low Fe,b,13pFe21.9.B.000,12/6/22,72977,0,4552,4824,4801,272,248,0.056,0.052,381.7,0.2,0.99,57,0.01,909,0,815696,--------,-------,65,3716,0,4660,0.02,1800,--------,-------,--------,-------,--------,-------,--------,-------,--------,--------,--------,4896.2,1,0,0,15399.7,0
Gephyrocapsa huxleyi,Coccolithophore,Outer Shelf,Low Fe,b,13pFe21.9.B.001,12/6/22,73017,250,4302,4282,4523,-20,221,-0.005,0.049,167.9,0.05,0.9,11,0.1,8718,0.01,60000,--------,-------,856,1316,0,4297,0,1800,--------,-------,--------,-------,--------,-------,--------,-------,--------,--------,--------,4287.4,3.63,250,-105.4,1168.4,0.13
Gephyrocapsa huxleyi,Coccolithophore,Outer Shelf,Low Fe,b,13pFe21.9.B.002,12/6/22,73056,500,4200,4268,4489,68,290,0.016,0.064,12.1,0.22,0.24,1553,0.54,12861,0.22,135713,--------,-------,9364,37784,0,4207,0,1800,--------,-------,--------,-------,--------,-------,--------,-------,--------,--------,--------,4193.3,0.91,500,717.5,106.8,0.13
Gephyrocapsa huxleyi,Coccolithophore,Outer Shelf,Low Fe,b,13pFe21.9.B.003,12/6/22,73096,1000,4118,4111,4091,-7,-27,-0.002,-0.007,488,0.04,0.08,2396,0.83,7994,0.09,125393,--------,-------,7494,17954,0,4116,0,1800,--------,-------,--------,-------,--------,-------,--------,-------,--------,--------,--------,4095,-0.43,1000,-153.5,133.4,0.17
Gephyrocapsa huxleyi,Coccolithophore,Outer Shelf,Low Fe,b,13pFe21.9.B.004,12/6/22,73136,1500,4024,4016,3996,-9,-28,-0.002,-0.007,464.9,0.08,0.03,2966,0.94,9336,0.03,74046,--------,-------,9171,11297,0,4025,0,1800,--------,-------,--------,-------,--------,-------,--------,-------,--------,--------,--------,3999.8,-0.56,1500,-294.1,109,0.2
Gephyrocapsa huxleyi,Coccolithophore,Outer Shelf,Low Fe,b,13pFe21.9.B.005,12/6/22,73176,2000,3924,3909,3890,-14,-33,-0.004,-0.009,396.1,0.06,0.02,5513,0.67,33930,0.31,175929,--------,-------,33091,77398,0,3924,0,1800,--------,-------,--------,-------,--------,-------,--------,-------,--------,--------,--------,3905.2,-3.53,2000,-653.7,30.2,0.23
Gephyrocapsa huxleyi,Coccolithophore,Outer Shelf,Low Fe,c,13pFe21.9.C.000,12/6/22,73461,0,10535,13689,14691,3154,4156,0.23,0.283,232.8,0.03,0.39,2417,0.51,30191,0.11,60000,--------,-------,18154,22554,0,10873,0.03,1200,--------,-------,--------,-------,--------,-------,--------,-------,--------,--------,--------,11715.3,1,0,0,55.1,0
Gephyrocapsa huxleyi,Coccolithophore,Outer Shelf,Low Fe,c,13pFe21.9.C.001,12/6/22,73501,250,15314,15108,15034,-205,-280,-0.014,-0.019,531.2,0.04,0.04,293,0.88,25152,0.08,60000,--------,-------,24124,27128,0,15285,0,1200,--------,-------,--------,-------,--------,-------,--------,-------,--------,--------,--------,13367.8,-0.12,250,-45.5,41.5,-0.09
Gephyrocapsa huxleyi,Coccolithophore,Outer Shelf,Low Fe,c,13pFe21.9.C.002,12/6/22,73542,500,14801,14614,14579,-187,-222,-0.013,-0.015,538.4,0.04,0.08,302,0.85,19993,0.06,60000,--------,-------,18212,20899,0,14778,0,1200,--------,-------,--------,-------,--------,-------,--------,-------,--------,--------,--------,13014.4,-0.12,500,-85.8,54.9,-0.06
Gephyrocapsa huxleyi,Coccolithophore,Outer Shelf,Low Fe,c,13pFe21.9.C.003,12/6/22,73583,1000,13600,13463,13445,-137,-155,-0.01,-0.012,546.1,0.04,0.17,303,0.76,17673,0.07,60000,--------,-------,14502,17900,0,13580,0,1200,--------,-------,--------,-------,--------,-------,--------,-------,--------,--------,--------,12140.6,-0.1,1000,-135.8,69,0.02
Gephyrocapsa huxleyi,Coccolithophore,Outer Shelf,Low Fe,c,13pFe21.9.C.004,12/6/22,73624,1500,11980,11895,11899,-85,-81,-0.007,-0.007,549.2,0.04,0.39,254,0.51,13655,0.1,60000,--------,-------,7777,13000,0,11970,0,1200,--------,-------,--------,-------,--------,-------,--------,-------,--------,--------,--------,10946.6,-0.09,1500,-143,128.6,0.15
Gephyrocapsa huxleyi,Coccolithophore,Outer Shelf,Low Fe,c,13pFe21.9.C.005,12/6/22,73665,2000,10441,10361,10359,-80,-82,-0.008,-0.008,546.9,0.04,0.56,197,0.34,11163,0.1,60000,--------,-------,4331,9813,0,10429,0,1200,--------,-------,--------,-------,--------,-------,--------,-------,--------,--------,--------,9723.5,-0.12,2000,-205.5,230.9,0.32
Gephyrocapsa huxleyi,Coccolithophore,Outer Shelf,Iron Add-Back,a,13add_back.A.000,12/7/22,70573,0,11762,18453,18977,6691,7215,0.363,0.38,209.2,0.03,0.48,844,0.38,5513,0.15,60000,--------,-------,2913,11234,0,12390,0.05,1000,--------,-------,--------,-------,--------,-------,--------,-------,--------,--------,--------,11673.2,1,0,0,343.3,0
Gephyrocapsa huxleyi,Coccolithophore,Outer Shelf,Iron Add-Back,a,13add_back.A.001,12/7/22,70614,250,22353,22688,22754,335,401,0.015,0.018,143.3,0.4,0.06,1389,0.6,18667,0.34,484937,--------,-------,17173,177244,0,22460,0,1000,--------,-------,--------,-------,--------,-------,--------,-------,--------,--------,--------,18147.1,0.07,250,28.2,58.2,-0.19
Gephyrocapsa huxleyi,Coccolithophore,Outer Shelf,Iron Add-Back,a,13add_back.A.002,12/7/22,70655,500,21540,21827,21908,286,367,0.013,0.017,140.1,0.43,0.06,1947,0.65,8700,0.29,642148,--------,-------,8099,191135,0,21627,0,1000,--------,-------,--------,-------,--------,-------,--------,-------,--------,--------,--------,18470,0.09,500,50.1,123.5,-0.15
Gephyrocapsa huxleyi,Coccolithophore,Outer Shelf,Iron Add-Back,a,13add_back.A.003,12/7/22,70696,1000,19279,19450,19470,171,191,0.009,0.01,89.6,0.25,0.08,948,0.39,5795,0.53,1184434,--------,-------,4967,635183,0,19371,0,1000,--------,-------,--------,-------,--------,-------,--------,-------,--------,--------,--------,17166.7,0.07,1000,67.2,201.3,-0.05
Gephyrocapsa huxleyi,Coccolithophore,Outer Shelf,Iron Add-Back,a,13add_back.A.004,12/7/22,70737,1500,16551,17135,17185,583,634,0.034,0.037,14.9,0.48,0.15,857,0.3,6659,0.55,961831,--------,-------,4697,532201,0,16616,0,1000,--------,-------,--------,-------,--------,-------,--------,-------,--------,--------,--------,14815.6,0.25,1500,390,212.9,0.08
Gephyrocapsa huxleyi,Coccolithophore,Outer Shelf,Iron Add-Back,a,13add_back.A.005,12/7/22,70777,2000,13868,13793,13746,-75,-122,-0.005,-0.009,539.4,0.04,0.93,34,0.04,4533,0.03,403555,--------,-------,199,12554,0,13849,0,1000,--------,-------,--------,-------,--------,-------,--------,-------,--------,--------,--------,12767.5,-0.07,2000,-83.1,5018.3,0.34
Gephyrocapsa huxleyi,Coccolithophore,Outer Shelf,Iron Add-Back,b,13add_backB.000,12/7/22,71018,0,14265,22473,23153,8208,8888,0.365,0.384,209.9,0.03,0.53,1017,0.37,7485,0.11,84765,--------,-------,3680,12204,0,15074,0.05,1000,--------,-------,--------,-------,--------,-------,--------,-------,--------,--------,--------,14435.5,1,0,0,271.7,0
Gephyrocapsa huxleyi,Coccolithophore,Outer Shelf,Iron Add-Back,b,13add_backB.001,12/7/22,71059,250,27336,27554,27606,218,269,0.008,0.01,147.6,0.59,0.04,710,0.35,22532,0.61,999163,--------,-------,20411,621456,0,27462,0,1000,--------,-------,--------,-------,--------,-------,--------,-------,--------,--------,--------,22694,0.04,250,15.1,49,-0.18
Gephyrocapsa huxleyi,Coccolithophore,Outer Shelf,Iron Add-Back,b,13add_backB.002,12/7/22,71100,500,26338,26560,26640,222,302,0.008,0.011,146,0.61,0.04,972,0.45,11714,0.51,889481,--------,-------,10818,461855,0,26449,0,1000,--------,-------,--------,-------,--------,-------,--------,-------,--------,--------,--------,22993.2,0.06,500,31.8,92.4,-0.15
Gephyrocapsa huxleyi,Coccolithophore,Outer Shelf,Iron Add-Back,b,13add_backB.003,12/7/22,71141,1000,23858,23381,24084,-477,226,-0.02,0.009,62.4,0.08,1,10,0,3373,0,60000,--------,-------,21,109,0,23837,0,1000,--------,-------,--------,-------,--------,-------,--------,-------,--------,--------,--------,21356.2,-0.24,1000,-155.2,47879.9,-0.04
Gephyrocapsa huxleyi,Coccolithophore,Outer Shelf,Iron Add-Back,b,13add_backB.004,12/7/22,71182,1500,20759,20655,20604,-104,-156,-0.005,-0.008,535.1,0.04,0.98,26,0,4345,0.02,65469,--------,-------,32,1019,0,20741,0,1000,--------,-------,--------,-------,--------,-------,--------,-------,--------,--------,--------,18680.3,-0.05,1500,-57.3,30848.5,0.09
Gephyrocapsa huxleyi,Coccolithophore,Outer Shelf,Iron Add-Back,b,13add_backB.005,12/7/22,71222,2000,17616,17546,17510,-70,-106,-0.004,-0.006,525.6,0.04,0.92,34,0.06,3406,0.02,60000,--------,-------,225,1631,0,17609,0,1000,--------,-------,--------,-------,--------,-------,--------,-------,--------,--------,--------,16350.1,-0.06,2000,-60.9,4440.7,0.28
Gephyrocapsa huxleyi,Coccolithophore,Outer Shelf,Iron Add-Back,c,13add_back.C.000,12/7/22,72170,0,14829,16716,16634,1887,1805,0.113,0.108,720.3,0.7,0.97,127,0.01,834,0.02,950790,--------,-------,135,14806,0,16087,0.08,1200,--------,-------,--------,-------,--------,-------,--------,-------,--------,--------,--------,16841.2,1,0,0,7428.5,0
Gephyrocapsa huxleyi,Coccolithophore,Outer Shelf,Iron Add-Back,c,13add_back.C.001,12/7/22,72210,250,12624,12839,12908,215,284,0.017,0.022,104.5,0.08,0.42,1248,0.32,13003,0.26,92579,--------,-------,6310,29078,0,12657,0,1200,--------,-------,--------,-------,--------,-------,--------,-------,--------,--------,--------,12231.4,0.35,250,353.2,158.5,0.3
Gephyrocapsa huxleyi,Coccolithophore,Outer Shelf,Iron Add-Back,c,13add_back.C.002,12/7/22,72251,500,12233,12385,12431,151,198,0.012,0.016,104.6,0.26,0.28,1276,0.46,8769,0.26,85127,--------,-------,5936,26615,0,12252,0,1200,--------,-------,--------,-------,--------,-------,--------,-------,--------,--------,--------,11711.2,0.22,500,515.5,168.5,0.35
Gephyrocapsa huxleyi,Coccolithophore,Outer Shelf,Iron Add-Back,c,13add_back.C.003,12/7/22,72292,1000,11836,11927,11938,91,102,0.008,0.009,110,0.35,0.15,931,0.47,9211,0.37,352039,--------,-------,7170,135516,0,11863,0,1200,--------,-------,--------,-------,--------,-------,--------,-------,--------,--------,--------,11294.9,0.14,1000,648,139.5,0.4
Gephyrocapsa huxleyi,Coccolithophore,Outer Shelf,Iron Add-Back,c,13add_back.C.004,12/7/22,72333,1500,11373,11470,11474,96,101,0.008,0.009,58.8,0.39,0.15,928,0.39,7871,0.46,597953,--------,-------,5974,280661,0,11402,0,1200,--------,-------,--------,-------,--------,-------,--------,-------,--------,--------,--------,10877.4,0.16,1500,1063.2,167.4,0.46
Gephyrocapsa huxleyi,Coccolithophore,Outer Shelf,Iron Add-Back,c,13add_back.C.005,12/7/22,72373,2000,10860,10911,10922,51,62,0.005,0.006,118.6,0.48,0.11,859,0.42,8738,0.48,466613,--------,-------,7129,226471,0,10880,0,1200,--------,-------,--------,-------,--------,-------,--------,-------,--------,--------,--------,10395.2,0.1,2000,790.3,140.3,0.53